run,mode,iterations,warmup,mean_us,p50_us,p90_us,p99_us,p999_us,min_us,max_us
1,graph_replay,2000,100,42.7780,40.5,43.2,61.8,264.2,36.3,362.9
1,direct,2000,100,43.6075,42.8,45.1,58.1,252.9,29.9,279.1
2,graph_replay,2000,100,42.7283,42.4,43.3,53.8,251.5,36.7,268.8
2,direct,2000,100,43.1193,40.8,45.2,60.9,258.1,34.3,278.9
3,graph_replay,2000,100,43.1015,40.5,49.7,57.9,283.4,35.4,290.7
3,direct,2000,100,41.6287,40.4,41.3,52.7,265.5,32.0,295.6
4,graph_replay,2000,100,43.2343,40.2,56.4,59.5,274.9,34.5,277.7
4,direct,2000,100,41.7659,40.3,42.1,49.0,272.0,33.8,276.0
5,graph_replay,2000,100,42.7573,42.1,43.1,64.1,249.4,35.2,264.8
5,direct,2000,100,42.0384,40.3,41.8,59.6,277.7,33.8,408.8
1,host_overlap_probe,500,50,0.1402,0.1,0.2,0.2,0.6,0.1,0.6
2,host_overlap_probe,500,50,0.1420,0.1,0.2,0.2,0.5,0.1,0.5
3,host_overlap_probe,500,50,0.1424,0.1,0.2,0.2,0.4,0.1,0.4
4,host_overlap_probe,500,50,0.1450,0.1,0.2,0.2,0.2,0.1,0.2
5,host_overlap_probe,500,50,0.1444,0.1,0.2,0.2,0.6,0.1,0.6
